{"budget": 14445.999946594238, "portfolio": {"GUBRF": {"lot": 19, "maliyet": 528.0}, "PETKM": {"lot": 500, "maliyet": 22.722857142857144}, "TKFEN": {"lot": 90, "maliyet": 123.4}, "ODAS": {"lot": 450, "maliyet": 6.83}}}